name,birthday,gender,is_married,children,membership_start,age,passenger_id
Chalisa Reed,1976-03-19,male,True,2,2010-03-21,48,1
Angela Purcell,1996-03-04,female,False,3,2021-10-08,28,2
Randall Espinoza,1989-06-08,male,False,1,,35,3
Clifford Waters,1971-03-17,male,True,3,1988-07-15,53,4
Mark Polauaypon,1994-12-26,male,False,1,,29,5
Leon Garcia,1956-08-09,male,True,0,,67,6
Lauren Sanchez,1984-01-23,female,False,2,2022-07-12,40,7
Gokul Barnes,1981-03-07,female,False,1,1999-09-10,43,8
Randall Smythe,2000-03-17,male,False,0,2022-02-21,24,9
William Clay,1966-09-08,male,True,4,1992-02-15,57,10
Brett Cooper,1982-11-01,male,True,4,,41,11
Barry Berry,1944-01-28,male,True,3,,80,12
Tobias Kitprapa,1981-06-06,male,True,2,2002-07-07,43,13
Melissa Kadakia,1979-02-07,female,False,1,1996-11-07,45,14
Pattapon McPhillips,2010-02-27,female,False,0,,14,15
Aaryahi Fields,2010-04-12,female,False,0,,14,16
Rachael Wannapaitoonsri,1996-02-08,female,False,1,,28,17
Puntira Church,1970-10-15,male,True,3,1995-12-19,53,18
Kartik Pena,1930-03-10,male,False,0,,94,19
Patrick Adams,1949-09-07,male,False,2,2018-06-06,74,20
Lauren Bahl,1978-08-01,female,False,2,2018-02-22,45,21
Caoilfhionn Badami,1984-02-26,female,False,2,2022-03-17,40,22
Phillip West,1992-11-17,male,False,0,,31,23
Anne Mclean,1951-11-10,female,False,1,1983-10-11,72,24
Molly Gilbert,1975-11-27,female,True,2,1994-10-16,48,25
Jack Smith,2008-05-13,male,False,0,,16,26
Carolyn Wasunun,1949-05-21,female,False,2,1980-09-22,75,27
David Lewis,1982-01-05,male,False,1,,42,28
Kristopher Considine,1974-08-12,male,True,3,1993-06-18,49,29
Kabir Ellis,2007-09-14,male,False,0,,16,30
Yanisa Buchanan,1958-04-25,female,False,1,,66,31
Charlotte McDunphy,1994-10-02,female,True,3,,29,32
Mark Sittisaowapak,1980-09-05,male,True,4,,43,33
Mamooty Young,2015-09-29,male,False,0,,8,34
Cynthia Butler,1957-04-20,female,True,5,1993-01-22,67,35
Edward James,1992-08-04,male,False,2,2019-08-23,31,36
Antony Ring,1953-02-27,male,True,2,,71,37
Melanie Wilkerson,1960-11-21,female,True,3,1993-08-02,63,38
Elakshi Youprasert,2022-01-09,female,False,0,,2,39
Beth Allen,2015-04-10,female,False,0,,9,40
Jack Brannelly,1960-06-17,male,True,5,,64,41
Zara Buchanan,2010-08-01,female,False,0,,13,42
Aarna Robbins,1999-08-29,female,False,0,,24,43
Suzanne Nugent,1974-01-07,female,True,2,1990-01-08,50,44
Kathleen Taylor,1983-10-05,female,False,4,,40,45
Melinda Intaum,2015-11-30,female,False,0,,8,46
David Foody,2010-01-17,male,False,0,,14,47
Conall O'Brien,1973-05-07,male,True,6,2010-04-11,51,48
Kenneth O'Daly,1969-09-24,male,True,1,1988-04-10,54,49
Regina Doctor,1941-07-29,female,False,2,2015-12-05,82,50
Tyrone Deshpande,1951-06-07,male,True,1,,73,51
Susan Polpo,1968-05-07,female,False,2,1984-06-24,56,52
Jamie O'Doherty,1967-10-25,male,False,1,,56,53
Aayush Rees,2005-05-25,female,False,0,2022-07-01,19,54
Joe Jarvis,1986-07-19,male,True,5,2015-06-29,37,55
Juan Forrest,1986-07-07,male,True,3,2012-12-14,37,56
Terence Siripaiboo,1967-04-01,male,False,3,1998-08-21,57,57
Denise Williams,1946-10-13,female,True,2,2020-09-14,77,58
Vivaan Varma,1994-04-08,female,False,1,,30,59
Kayla Prince,1964-10-09,female,True,1,,59,60
Summer Smith,1998-01-30,female,False,1,2020-04-16,26,61
Cathy Cox,1958-06-02,female,True,3,,66,62
Brandon Pongpanitch,1947-08-20,male,False,3,,76,63
Neil Morrison,1950-11-08,male,True,4,1974-12-03,73,64
Katherine Trujillo,2017-12-11,female,False,0,,6,65
Donna Canning,1938-10-06,female,True,2,1963-05-17,85,66
Joseph Gonzales,1963-10-26,male,False,1,2022-11-08,60,67
Scarlett Reed,1983-12-18,female,True,4,2001-07-25,40,68
Cole Griffiths,1953-07-13,male,True,5,,70,69
William Price,1951-01-29,male,False,4,1981-12-15,73,70
Sandra Rivers,1966-02-18,female,False,1,,58,71
Fateh Sehgal,1970-05-18,male,True,1,1989-12-24,54,72
Michael Colgan,2013-04-04,male,False,0,,11,73
Katrina Kirby,1995-01-31,female,False,0,,29,74
Arthur Suraprasert,1993-09-26,male,False,2,,30,75
Barbara Cherian,1996-09-13,female,False,0,,27,76
Nicholas Wannapaitoonsri,2013-03-14,male,False,0,,11,77
Jesse Kaur,2012-12-26,male,False,0,,11,78
Ritvik Foster,1985-04-22,female,False,0,,39,79
Christine Jones,1977-09-28,female,True,1,,46,80
Rhonda Gonzales,2011-04-02,female,False,0,,13,81
Yada Singhal,2016-04-12,male,False,0,,8,82
Ruth Perkins,1979-01-17,female,False,1,1994-02-27,45,83
Lynn Vig,1999-06-16,female,False,0,,25,84
Pierce Burns,1991-12-23,male,False,1,,32,85
Morgan Sheane,1967-09-21,male,True,1,2023-03-20,56,86
Shelley Barnes,1980-01-31,female,False,2,,44,87
Jesus Turner,1986-12-08,male,True,2,,37,88
Pattatomporn Hayden,2007-08-11,female,False,0,2022-10-28,16,89
Stacey Clark,1956-08-14,female,False,1,1987-02-24,67,90
Brandon McNally,2018-06-26,male,False,0,,5,91
Jason Baker,1996-09-30,male,False,2,2022-11-17,27,92
Janet Kittakun,1979-01-08,female,True,5,,45,93
Anon Contractor,2010-10-09,female,False,0,,13,94
Amira Burnett,1943-11-24,male,False,0,,80,95
Noppakao Robinson,2019-06-13,female,False,0,,5,96
Whitney Sharkey,2015-09-20,female,False,0,,8,97
Melinda White,1999-01-13,female,False,0,,25,98
Jitrin McGill,2004-10-07,female,False,0,2020-05-18,19,99
Kevin Castro,1950-07-14,male,True,2,2006-05-19,73,100
Hector Vethayasas,2007-07-22,male,False,0,2022-12-18,16,101
Shannon Manning,1986-06-14,female,False,3,2016-08-09,38,102
Stewart Christopher,1940-01-13,male,True,5,2011-03-18,84,103
Alice Turongkinanon,1989-07-07,female,True,2,2019-06-10,34,104
Keith Garcia,1953-02-08,male,True,0,,71,105
Kristian Pineda,2013-12-23,male,False,0,,10,106
Madhup Hester,2005-09-24,male,False,0,,18,107
Kerry Turongkinanon,1979-05-27,female,True,2,2010-12-21,45,108
Lois Nash,2005-05-31,female,False,0,,19,109
Stephanie Kalita,1969-12-28,female,True,3,2009-01-02,54,110
Kira Hampton,2011-04-02,female,False,0,,13,111
Victoria Prince,1997-04-15,female,False,2,,27,112
Christine Mulhern,1979-08-13,female,True,2,2001-05-29,44,113
Glen Harris,2010-09-21,male,False,0,,13,114
Parinaaz Davis,1970-06-16,female,True,1,,54,115
Patchaploy Kamalanon,2011-03-16,male,False,0,,13,116
Yanisa Johnson,1967-12-02,male,False,1,2004-02-12,56,117
Tyler Chandler,1997-08-09,male,False,1,,26,118
Tina Saha,1985-10-04,female,False,2,,38,119
Una Pierce,1928-06-04,female,True,0,1957-01-24,96,120
Tunradee Parker,1957-03-12,female,True,3,2010-05-11,67,121
Amanda Morgan,1996-10-17,female,False,0,,27,122
Kenneth Prayoonhong,1968-01-16,male,True,2,,56,123
Gloria Suraprachit,1973-01-10,female,False,2,,51,124
Matthew Hennessey,1956-03-01,male,True,3,1990-12-12,68,125
Ivana Campbell,1945-01-28,male,True,4,1983-07-26,79,126
Laurie Callahan,1987-01-21,female,False,1,2013-02-10,37,127
Paul Gallegos,1979-04-08,male,True,4,,45,128
Sarah Vinyuvanichkul,2011-12-22,female,False,0,,12,129
Robin Williams,2013-05-25,female,False,0,,11,130
Anita Perkins,1966-07-23,female,True,1,2001-07-24,57,131
Julia Martinez,2014-05-18,female,False,0,,10,132
Elizabeth Kongchayasukawut,2021-04-23,female,False,0,,3,133
Rhonda Harmon,1979-10-26,female,False,0,2014-01-27,44,134
Diane Wimolnot,1960-12-08,female,True,3,,63,135
Joseph Owen,2007-12-14,male,False,0,,16,136
Nicola Foster,1975-11-08,female,False,0,2015-06-04,48,137
Apisara Richardson,1972-01-20,male,False,0,,52,138
Heather Kinlan,1980-01-27,female,False,3,2002-03-18,44,139
Gregory Ponce,1951-12-17,male,True,1,1992-05-23,72,140
Benjamin Lee,1969-02-20,male,True,2,,55,141
Bethany Roman,1979-12-17,female,False,4,2022-01-24,44,142
Reece Burgess,2003-10-19,male,False,0,,20,143
Jennifer Hester,1964-09-29,female,False,2,1981-04-15,59,144
Javier Baker,1970-06-20,male,True,6,2020-11-04,54,145
Crystal Hargan,1970-09-04,female,True,1,1989-10-23,53,146
Anthony Larsen,1979-10-02,male,True,5,,44,147
Brendan Manda,1972-03-08,male,True,2,2013-12-18,52,148
Yada Russo,1993-07-11,female,False,0,,30,149
Janet Cook,1938-03-28,female,False,2,,86,150
Flynn Farrelly,1964-06-28,male,False,2,2023-03-21,59,151
Joanna Chomsri,1993-12-14,female,False,1,2015-09-29,30,152
Cheryl Dooley,2019-07-06,female,False,0,,4,153
Emily Sukhenai,1960-05-30,female,True,1,2013-03-25,64,154
Suzanne Ellis,1992-02-17,female,False,2,2007-05-21,32,155
Alisha Barnett,1994-12-10,female,False,0,,29,156
Ruairi Dhawan,2012-10-06,male,False,0,,11,157
Phillip Pittman,1980-07-29,male,True,4,1997-04-19,43,158
Cody Carr,1939-11-22,male,False,0,,84,159
Raunak Clifford,1951-09-08,female,True,3,1974-01-24,72,160
Lagan Phusilarungrueng,1986-02-27,female,False,1,2020-03-14,38,161
Toni McIlroe,1962-08-10,female,True,2,1986-09-10,61,162
Anne Irving,2008-03-20,female,False,0,,16,163
Elizabeth Baker,1997-08-16,female,False,0,,26,164
Aaryahi Ramirez,1960-04-20,male,False,2,2014-02-27,64,165
Joe Young,2021-07-22,male,False,0,,2,166
Aaina Samra,1975-01-05,male,False,1,1998-09-18,49,167
Supasit Williams,2005-06-09,female,False,0,,19,168
Megan Reyes,1971-03-21,female,True,0,,53,169
Kelsey Pothanun,1999-09-10,female,False,0,,24,170
Patchaploy Hancock,1968-07-27,female,False,3,1993-02-17,55,171
Ellie Jackson,1940-11-13,female,False,4,,83,172
Mitchell Martin,1931-10-22,male,False,0,,92,173
Sitiwat Sittisaowapak,2019-09-29,male,False,0,,4,174
Leonie Jaggi,2000-03-25,female,False,1,2017-09-19,24,175
Jamie Gray,2021-10-27,male,False,0,,2,176
Mackenzie McLeod,2011-06-03,female,False,0,,13,177
Dorothy Rose,1981-05-10,female,True,5,,43,178
Wendy McManus,1993-10-20,female,False,1,2011-09-09,30,179
Jason McDonald,1987-03-01,male,False,1,,37,180
Mary Marks,1968-10-02,female,True,0,1998-04-28,55,181
Kamolchanok Golden,1946-12-13,female,True,4,1974-09-06,77,182
Max Clery,1947-11-07,male,True,0,,76,183
Tanya Kaur,1982-06-20,female,False,2,2008-04-23,42,184
Paige Tungkasethakul,1983-04-07,female,False,0,,41,185
Judith Dutta,1993-03-27,female,True,2,2017-11-25,31,186
Donna Wright,2011-12-04,female,False,0,,12,187
Cheryl Mcclain,1988-09-03,female,True,1,2010-09-30,35,188
Ann Jamieson,2018-12-03,female,False,0,,5,189
Ethan Wallace,1947-06-24,male,False,0,2021-06-25,76,190
Dean Hilary,2016-05-28,male,False,0,,8,191
Pintusorn Bernard,2007-01-01,male,False,0,,17,192
Ruben Sami,1943-08-28,male,True,4,1959-04-07,80,193
Glenn Christian,1970-08-09,male,True,3,,53,194
Benjamin Rodriguez,1970-04-11,male,False,2,1995-05-23,54,195
Carter Coffey,1996-08-26,male,False,0,,27,196
William Mcgee,1959-12-27,male,True,6,2018-11-01,64,197
Ahana  Melton,1931-02-10,female,False,4,,93,198
Divij Roberts,2012-11-06,female,False,0,,11,199
Joy Bryant,1996-01-14,female,False,1,2014-06-07,28,200
Ashleigh Smith,2012-05-04,female,False,0,,12,201
Liam Allen,1957-11-19,male,True,4,,66,202
Emmett Crawford,2009-02-09,male,False,0,,15,203
Teresa Giles,1954-11-12,female,False,1,1996-01-28,69,204
Jesse Brown,2016-12-29,male,False,0,,7,205
Madeleine Bowers,2012-12-01,female,False,0,,11,206
Jacqueline Vaughn,1952-09-13,female,True,2,2021-07-23,71,207
Nathan Gokhale,1977-04-16,male,False,1,2019-05-31,47,208
Suvakit Aguilar,1938-07-09,male,True,3,1988-12-30,85,209
Michelle Rafferty,2009-11-12,female,False,0,,14,210
Anne Ellery,2014-08-05,female,False,0,,9,211
Holly Mcdaniel,1998-11-06,female,False,1,,25,212
Abdul Peterson,1981-10-10,male,False,1,1998-07-01,42,213
Oonagh Patel,2018-12-18,female,False,0,,5,214
Todsawun Hall,1986-12-23,male,False,0,,37,215
Denise Sachdev,1984-05-05,female,False,1,2007-03-23,40,216
Hunter Obrien,2015-03-28,male,False,0,,9,217
Joshua Campbell,1999-06-14,male,False,0,,25,218
Robert Long,2005-06-24,male,False,0,,18,219
Darin Mason,1975-03-31,male,False,4,2001-05-22,49,220
Michael Melia,1999-05-05,male,True,2,2021-09-12,25,221
Ronald Butala,2015-01-11,male,False,0,,9,222
Rohan Ray,1982-06-26,female,True,3,2020-04-24,41,223
Gary James,1992-11-28,male,False,1,2008-10-10,31,224
Zachary Rickard,1947-02-26,male,True,3,,77,225
Stephen Shaw,1955-07-04,male,True,3,1981-08-17,68,226
Lesley Woods,1991-06-02,female,False,2,,33,227
Chayanin Marshall,1944-04-01,male,False,0,,80,228
Alison Porter,2001-03-10,female,True,1,2023-05-22,23,229
Gatik Jani,1947-10-11,male,True,6,,76,230
Jennifer Clark,1987-04-03,female,True,1,,37,231
Brenda Cunningham,1984-04-09,female,True,5,2019-03-22,40,232
Matthew Polpo,2008-10-05,male,False,0,,15,233
Henry Burton,1965-07-21,male,False,2,2011-10-22,58,234
Chanikan Terrell,2015-05-08,female,False,0,,9,235
Kristen Chowitunkit,1969-05-31,female,True,1,,55,236
Katherine Edwards,1974-05-03,female,True,3,2022-11-11,50,237
Jeffrey Clark,1980-02-08,male,True,1,,44,238
Pak MacDowell,2000-07-11,male,False,1,2016-03-12,23,239
Matthew Norramon,1938-10-07,male,True,3,2005-11-21,85,240
Miraya Bowen,1961-03-25,female,False,1,2012-07-02,63,241
Timothy Parker,1945-06-27,male,False,3,1967-12-23,78,242
Chaiwut Price,1982-02-15,male,False,1,2023-05-14,42,243
Ashley Harris,1977-12-02,female,True,2,2021-08-06,46,244
Bridget Stewart,1991-09-09,female,False,3,2022-08-20,32,245
Jacob Poole,1967-06-22,male,False,0,,56,246
Michael Pierce,1966-03-29,non-binary,False,2,2009-05-12,58,247
April Silva,2016-02-10,female,False,0,,8,248
Alex Frost,1998-03-24,male,False,0,2019-06-10,26,249
Justine Edwards,1969-10-05,female,True,1,2000-12-03,54,250
Douglas Martinez,2019-09-29,male,False,0,,4,251
Linda Anne,1975-01-13,female,False,1,,49,252
Shawn Hussain,2017-03-04,male,False,0,,7,253
Audrey Higgins,2008-12-20,female,False,0,,15,254
Timothy McIsaac,1979-07-15,male,False,0,,44,255
Grace Stanley,1953-12-13,female,True,3,1988-06-10,70,256
Johanna Murray,2004-12-26,female,False,0,,19,257
Robert Currie,1995-11-07,male,True,0,2018-12-24,28,258
Rhys Sanchez,1988-01-13,male,False,1,2012-01-16,36,259
Caitlin Phusilarungrueng,2006-05-14,female,False,0,,18,260
Richard Todsapornpitakul,1983-06-18,male,False,0,,41,261
Fearghal Permchart,1966-03-25,male,True,1,,58,262
Laurie Shaw,2010-07-24,female,False,0,,13,263
Molly Hansen,2011-04-15,female,False,0,,13,264
Cynthia Henderson,2000-12-21,female,False,0,2020-03-18,23,265
Dennis Mullen,1968-12-14,male,False,4,2005-08-01,55,266
Adam Allen,1986-11-30,male,False,1,,37,267
Grant James,1992-05-26,male,False,2,,32,268
Chaifah Becker,1985-07-14,female,False,4,2015-01-16,38,269
Dillon Dorsey,1987-11-01,male,False,2,,36,270
Pattapon Arnold,2003-11-03,male,False,0,,20,271
Brady Sanders,1971-12-08,male,False,1,1998-04-21,52,272
Kara Dua,2000-03-28,female,False,2,,24,273
Sheree Harris,1954-08-14,female,True,3,,69,274
Shawn McKay,1999-02-10,male,False,1,2016-04-18,25,275
Jason Duffy,1971-04-06,male,False,0,,53,276
Amanda O'Sullivan,1973-08-06,female,True,0,,50,277
Kanav Bunlerngsri,1990-09-11,male,True,1,2021-06-12,33,278
Cameron Bhakta,1932-06-22,male,False,1,2011-08-18,91,279
Nutcha Johnson,2011-12-08,female,False,0,,12,280
Farhan Page,2020-09-13,male,False,0,,3,281
James Keer,2005-05-17,male,False,0,2022-09-05,19,282
William Taylor,1947-05-07,male,True,0,,77,283
Taylor Dickson,1983-02-10,male,False,2,2014-08-24,41,284
Divyansh Todsapornpitakul,1958-09-04,male,False,1,,65,285
Polly Suraprachit,1955-10-29,female,False,3,,68,286
Sean Norris,1954-11-10,male,False,1,1993-10-24,69,287
Dave Miller,1960-01-01,male,True,1,2019-04-17,64,288
Purab Culhane,1967-05-24,female,False,1,1994-07-21,57,289
Nathaniel McNabb,1980-05-29,male,True,1,2011-11-16,44,290
Mitchell Russell,1982-03-16,male,False,2,,42,291
Mary Davis,2005-04-21,female,True,1,2020-12-18,19,292
Janet Francis,1967-09-04,female,False,4,2015-08-23,56,293
Paige Clark,1970-05-27,female,False,0,,54,294
Oisin Carter,1968-04-18,male,False,3,1995-09-24,56,295
Caolain Shanker,1972-04-21,male,True,0,,52,296
Sarunporn Pichpandecha,1986-09-07,male,False,0,2012-05-05,37,297
Damian Fowler,2005-10-27,male,False,0,,18,298
James Dave,2014-08-29,male,False,0,,9,299
June Carroll,2014-11-20,female,False,0,,9,300
Vanessa North,2017-03-04,female,False,0,,7,301
Diane Youprasert,2014-06-10,female,False,0,,10,302
Rasha Boniface,2010-08-30,female,False,0,,13,303
Chawin Mitchell,1989-04-18,male,False,1,2013-10-16,35,304
Elizabeth Shere,2001-09-12,female,False,1,,22,305
Christopher Sorattanachai,1937-09-15,male,False,2,2013-02-05,86,306
Padraig Setty,1991-05-16,male,False,2,,33,307
Paula Salas,1944-05-11,female,True,0,,80,308
Arhaan Cole,1955-01-09,female,True,2,1994-04-30,69,309
Bernard Titipatrayunyong,1998-03-14,male,True,2,,26,310
Lavanya Hill,2011-12-29,male,False,0,,12,311
Joseph Mooney,2014-11-02,male,False,0,,9,312
Katie-Louise Filban,1958-11-05,female,True,4,1977-10-13,65,313
Carlos Espinoza,2004-12-03,male,False,0,,19,314
Derrick Cole,2006-02-11,male,True,2,2022-08-12,18,315
Lindsay Holmes,2015-07-08,male,False,0,,8,316
Sarah Watts,1977-12-23,female,False,2,,46,317
William Roland,1937-10-04,male,True,2,1961-05-28,86,318
Crystal Young,1989-09-05,female,False,1,,34,319
Alex Garcia,2008-05-14,male,False,0,,16,320
Fred Morgan,1961-02-09,male,True,3,2020-04-30,63,321
Jayne Chauhan,1969-10-01,female,True,1,,54,322
Ashley Singh,2017-01-09,male,False,0,,7,323
Pak Davis,1958-03-11,male,False,2,2003-01-01,66,324
Teresa Olsen,1965-04-28,female,False,1,2009-05-11,59,325
Lauren Sami,1972-02-08,female,True,0,,52,326
Richard Thomas,1977-06-13,male,True,1,,47,327
Mark Rogers,2018-01-25,male,False,0,,6,328
Grant Saxena,2022-03-06,male,False,0,,2,329
Sarah Dwyer,1971-01-17,female,True,3,2020-08-10,53,330
Harry Parsons,1983-02-09,male,True,3,2018-12-21,41,331
Andrea McKay,2010-10-21,female,False,0,,13,332
Heidi Tolin,2011-10-08,female,False,0,,12,333
Gail Gould,1941-07-13,female,True,2,1958-04-06,82,334
Colleen Klein,2017-10-14,female,False,0,,6,335
Shirley Krishnamurthy,2001-11-15,female,False,0,,22,336
Patrick Murphy,1984-12-21,male,False,3,2020-05-27,39,337
Thanatcha Matinawin,1986-12-17,female,True,1,2020-07-21,37,338
Taimur Lee,2010-12-05,male,False,0,,13,339
Hrishita Morris,1963-03-05,male,True,2,2017-07-14,61,340
Amanda Preston,1988-01-05,female,True,0,,36,341
Pakjira Bentley,1985-06-29,female,False,2,2009-02-24,38,342
Katherine Vance,1962-10-16,female,True,0,,61,343
Kellie Mitchell,2006-09-13,female,False,0,,17,344
Tunchanok Nelson,2016-10-30,male,False,0,,7,345
Chelsea Hall,1935-12-11,female,True,3,,88,346
Morgan MacDonald,2014-03-20,female,False,0,,10,347
Austin Brennan,1937-05-18,male,True,1,2014-05-08,87,348
Sandra Hunter,2020-10-05,female,False,0,,3,349
Chanikan Korpal,1957-05-03,male,False,5,,67,350
Jason Keohane,2000-06-29,male,False,1,,23,351
Henry Russo,1996-03-23,male,False,0,2014-09-09,28,352
Caoimhe Vasa,2010-04-02,female,False,0,,14,353
Dana Serrano,2017-05-27,female,False,0,,7,354
Michael Henderson,1986-07-08,male,True,4,,37,355
Angela Jones,2008-12-31,female,False,0,,15,356
Chalisa Chad,1996-01-30,female,False,3,,28,357
Lynn Gutierrez,1968-09-12,female,False,0,,55,358
Manaia Donnan,1951-08-10,female,True,1,,72,359
Eric Montoya,1972-05-15,male,True,2,2003-08-09,52,360
Angela Hughes,1958-11-17,female,False,3,1990-12-13,65,361
Jayant Gibbons,1977-06-06,female,False,2,2020-03-19,47,362
Richard Boonpungbaramee,1948-01-15,male,False,1,1975-03-20,76,363
Anon Brown,1958-05-14,female,True,2,,66,364
Angel Sellers,1948-06-11,male,True,2,,76,365
Phenphitcha Foster,2005-07-23,female,False,0,,18,366
Brooke Miller,2006-09-11,female,False,0,,17,367
Aradhya Ward,1996-09-10,female,False,0,,27,368
Michelle Guha,1988-06-30,female,False,1,,35,369
Gary Green,2012-04-02,male,False,0,,12,370
Kelsey Fernandez,1963-02-12,female,True,4,2003-10-16,61,371
Todd Kirk,1968-10-12,male,True,3,2010-02-05,55,372
Alicia Ward,1991-08-09,female,False,0,,32,373
Leanne Shenoy,1945-12-13,female,True,2,,78,374
Lakshay Ritchie,1972-06-26,female,False,0,,51,375
Azad McKenny,1984-03-11,female,True,1,2019-03-03,40,376
Allison Sachar,1973-07-12,female,True,1,,50,377
Michael Youprasert,1961-10-22,male,True,6,,62,378
Christina Calligan,1949-01-10,female,True,3,,75,379
Wiremu Hayes,1983-03-06,male,True,2,2007-02-04,41,380
Alec Ranganathan,1959-05-27,male,True,1,1985-09-27,65,381
Lisa Barr,1946-06-29,female,True,2,2010-10-13,77,382
Pak Jensen,1954-12-03,female,True,1,1991-07-23,69,383
Terri Barry,1993-05-04,female,False,3,,31,384
Valerie Sarna,2014-06-12,female,False,0,,10,385
Tammy Saunders,2005-11-22,female,False,0,,18,386
Elaine Robles,1997-10-04,female,False,0,,26,387
Annalise Kerr,1992-07-23,female,False,0,,31,388
David Millar,1957-03-16,male,True,2,2006-03-27,67,389
Alia Delgado,1982-09-27,male,True,0,2012-09-11,41,390
Pitipat Neerachapong,2001-03-06,female,False,2,2020-04-30,23,391
Betty Scott,1984-07-18,female,True,4,2002-01-04,39,392
Gary Kumsoontorn,1962-09-08,male,True,3,,61,393
Akarsh Clayton,1995-12-07,female,False,1,2017-06-13,28,394
Sarah Kinnerk,1992-06-26,female,False,1,2014-07-02,31,395
Neelofar Robertson,1982-05-11,female,False,2,2014-07-20,42,396
Brian Lutz,1945-12-28,male,False,2,,78,397
John House,2012-03-09,male,False,0,,12,398
Amanda Pearson,1976-11-07,female,True,1,,47,399
Nakul Wyatt,1971-04-13,female,True,0,,53,400
Lauren Jones,2013-07-21,female,False,0,,10,401
Dawn Tandon,2000-03-21,female,False,3,2016-08-04,24,402
Pattatomporn Kulkarni,1954-01-08,male,False,1,2012-09-08,70,403
Daniel Toal,1969-02-01,male,True,1,1988-03-31,55,404
Heidi Kirk,1999-12-25,female,False,0,,24,405
Emir Marshall,1931-04-19,male,True,3,1957-01-31,93,406
Adah Reynolds,2004-03-03,female,False,0,,20,407
Marian Farmer,1960-05-22,female,False,0,,64,408
Kiara Chambers,1974-10-18,male,True,2,2021-02-07,49,409
Ronald Kongsri,2003-06-20,male,False,0,2021-02-27,21,410
Maria Jones,2000-05-11,female,True,3,2016-11-23,24,411
Diana Powell,2002-02-25,female,False,0,,22,412
Pawan Kumsoontorn,2018-10-18,male,False,0,,5,413
Michelle Knight,1977-02-09,female,False,0,,47,414
Cassandra Kalita,2014-11-17,female,False,0,,9,415
Patchaploy Reid,1977-01-10,female,True,5,1993-02-17,47,416
Alan Chaihirankarn,2020-06-22,male,False,0,,3,417
Anne Leen,1959-04-29,female,False,1,,65,418
Stacy Taylor,1980-07-22,female,True,2,1997-03-01,43,419
Suwijuk Smith,1963-08-12,female,False,3,,60,420
Ela Smith,1987-11-22,male,False,0,,36,421
Gregory Morrison,1984-12-06,male,True,2,2017-12-03,39,422
Kimberley Martinez,2009-03-16,female,False,0,,15,423
Aunyaporn McCadden,1971-05-21,male,True,2,2001-10-14,53,424
Jacob Lertsattayanusak,1978-10-12,male,True,0,,45,425
Stephanie Francis,1955-09-30,female,True,3,,68,426
Chawin Neenan,1944-06-19,male,True,3,2021-01-21,80,427
Jillian Ruiz,2013-03-04,female,False,0,,11,428
Amanda White,1979-04-02,female,False,2,2015-10-08,45,429
Pornchanok McElduff,1958-04-03,male,False,4,,66,430
Thomas Pongpanitch,1956-09-21,male,True,1,2009-02-11,67,431
Nakul Chomsri,1969-08-27,female,True,2,,54,432
Tracey Setty,2000-04-25,female,False,0,,24,433
Eric Strawbridge,1954-02-16,male,False,2,2007-04-29,70,434
Micheal Osborne,1999-08-19,male,False,1,2023-04-08,24,435
Christine Rodriguez,2014-02-19,female,False,0,,10,436
Jacqueline May,2009-09-04,female,False,0,,14,437
Jemma McKelvey,1959-02-04,female,True,2,2021-09-10,65,438
Roger Davies,1937-12-02,male,True,3,1953-01-26,86,439
Andrew Mills,1953-04-16,male,False,1,,71,440
Nathan Hall,2019-06-28,male,False,0,,4,441
Terri Law,1962-03-05,female,True,3,,62,442
Chayapat Gonzalez,1944-06-07,male,False,1,,80,443
Caleb Mccormick,1952-04-02,male,True,1,2017-06-01,72,444
Sam Lloyd,2011-11-16,male,False,0,,12,445
Victoria Smith,1947-05-28,female,True,3,1986-02-04,77,446
Alexandra Brown,1974-12-08,female,True,3,1993-02-17,49,447
Stephen Charles,2014-12-10,male,False,0,,9,448
Jessica Warner,1991-07-15,female,True,3,2018-09-15,32,449
Pornchanok Lane,1941-02-06,female,False,1,,83,450
Patchaploy Begum,1977-02-20,male,False,3,2011-02-25,47,451
Melanie Matinawin,1977-03-13,female,True,3,2021-06-07,47,452
Anthony Sujjaboriboon,1968-04-16,male,False,1,,56,453
Benjamin Davis,1970-12-14,male,True,4,1996-01-24,53,454
Charles Williams,1983-06-14,male,False,0,,41,455
Natasha Smith,2005-12-30,female,False,0,,18,456
Brett Adams,1958-03-11,male,True,1,,66,457
Pornchanok Stevens,1959-04-26,male,True,2,1991-12-04,65,458
Paula Gonzalez,1984-08-02,female,True,3,,39,459
Thomas Dugar,1986-05-29,male,False,1,,38,460
Nancy Roberts,1975-03-25,female,True,0,,49,461
David Boyle,2010-03-10,male,False,0,,14,462
Jonathon Matinawin,1945-04-13,male,False,1,1979-02-15,79,463
Craig Hopkins,2009-10-03,male,False,0,,14,464
Chaiwut Sorattanachai,1959-09-10,female,False,0,,64,465
Nutcha Ã“ Corra,1988-10-30,male,True,2,,35,466
Beverley Jimenez,1943-03-14,female,False,0,,81,467
Francesca Franklin,1960-09-22,female,False,0,,63,468
Amanda Soto,2007-11-02,female,False,0,,16,469
Suzanne Gibbons,1999-06-05,female,False,0,,25,470
Craig Chapman,1963-11-19,male,False,0,,60,471
Jennifer Batchelar,2017-03-14,female,False,0,,7,472
Ralph Cardenas,1991-09-11,male,False,0,,32,473
Gareth Wood,1968-03-07,male,False,1,2001-02-11,56,474
Jayant Guiry,1952-10-25,male,True,1,1976-10-25,71,475
Tarini Todsapornpitakul,1983-08-13,male,False,5,2011-09-01,40,476
Aunyaporn Lewis,1984-01-26,male,True,3,2001-12-07,40,477
Jayan Cole,1960-10-08,female,True,3,2017-03-15,63,478
Whitney Thompson,1963-04-22,female,False,1,2002-10-26,61,479
Jessica Halloran,1971-05-16,female,True,2,2009-11-15,53,480
David Pianduangsri,1961-03-04,male,False,1,1977-04-30,63,481
Alison Garcia,2016-12-30,female,False,0,,7,482
Anaya Kamalanon,1978-06-17,male,False,3,2013-05-06,46,483
Andrew Thantananont,1996-07-29,male,True,6,2022-02-17,27,484
Scott Cullen,1994-10-11,male,False,0,2016-05-16,29,485
Pak McCafferky,1963-07-29,male,True,2,1984-04-23,60,486
Priyansh Black,1937-05-01,female,False,2,2012-07-26,87,487
Micheal Morgan,1956-08-25,male,False,2,2012-06-21,67,488
Alister Siripaiboo,1962-04-17,male,True,2,,62,489
Christine Walker,1972-05-22,female,True,2,2008-05-01,52,490
Nathan Sahota,1989-07-20,male,False,1,2012-09-25,34,491
Vernon Green,1952-08-28,male,True,1,2006-07-22,71,492
Paul Roman,1971-09-28,male,True,3,2015-09-26,52,493
Jivin Coll,1964-02-09,female,True,1,1991-08-17,60,494
Karen Palmer,1991-03-18,female,False,1,2022-06-14,33,495
Nattawun Jones,1961-03-13,male,False,2,1989-09-11,63,496
Nikita Pitanuwat,1991-05-12,female,True,2,,33,497
Dean Schroeder,1992-07-28,male,True,0,,31,498
Kate Ahmed,2005-05-07,female,False,0,,19,499
Taran Prachayaroch,1975-12-20,male,False,1,,48,500
Billy Clarke,1976-06-03,male,False,2,1993-12-31,48,501
Jivin Krittayanukoon,1992-06-07,male,False,3,,32,502
Karen McEntee,2007-02-16,female,False,0,2023-05-04,17,503
Brandy Murphy,1947-09-26,female,False,1,,76,504
Cory Thomas,2012-09-06,male,False,0,,11,505
Jennifer Williams,2019-06-01,female,False,0,,5,506
Ailis Jackson,1950-04-12,female,False,2,,74,507
Brent Ray,1975-12-02,male,False,3,,48,508
Patricia Martinez,1950-05-25,female,True,3,,74,509
Margaret Perez,2019-03-15,female,False,0,,5,510
Charlotte Ward,1963-04-30,female,True,1,,61,511
Robert Lee,1969-02-12,male,True,0,,55,512
Ashleigh Mccarty,1965-12-01,female,False,0,1983-11-21,58,513
Leslie Dudley,1983-03-06,male,True,3,2015-05-27,41,514
Pannawich Maxwell,1995-10-15,female,False,0,,28,515
Ashley Jackson,1954-05-26,female,False,3,,70,516
Calum Baker,2012-11-12,male,False,0,,11,517
Lori Douglas,1945-11-09,female,False,2,1968-01-31,78,518
Wanda Walla,1980-11-02,female,False,1,2018-07-18,43,519
Andrea Thomas,1970-03-01,female,True,4,2006-06-24,54,520
Aaron Williams,2017-01-30,male,False,0,,7,521
Frank Kapadia,1997-11-07,male,False,0,,26,522
Martyn Preston,1980-03-24,male,True,2,2001-09-06,44,523
Joshua Wheeler,1927-05-22,male,False,2,,97,524
Gregory Warren,2002-02-19,male,False,0,,22,525
Gary Rosario,2017-04-26,male,False,0,,7,526
Reece Whyte,1973-07-23,male,False,0,,50,527
Stuart Washington,1987-01-12,male,True,4,,37,528
Travis Byrd,1976-11-12,male,False,1,,47,529
Travis Anderson,1961-11-08,male,False,2,,62,530
Lauren Gibbs,1979-11-01,female,False,3,2005-04-27,44,531
Ishaan Jones,2014-04-12,male,False,0,,10,532
Beth Sittisaowapak,1957-07-22,female,True,4,1978-09-10,66,533
Ronald Buchanan,1980-09-29,male,True,2,2010-12-22,43,534
Elizabeth Smith,1999-05-08,female,False,0,,25,535
Glenn Gonzalez,1934-07-21,male,False,1,2010-07-25,89,536
James Brady,2005-10-05,male,False,0,,18,537
Malik Sundaram,1937-10-27,male,False,1,,86,538
Sarah Robinson,1974-08-19,female,False,5,2005-04-19,49,539
Lee Chapman,1934-12-21,male,True,1,2007-10-09,89,540
Jacqueline Clohessey,1976-11-27,female,False,0,2000-12-13,47,541
Elizabeth Brock,2001-03-15,female,False,1,2023-06-02,23,542
Marcus Faulkner,1980-07-02,male,True,2,2010-06-17,43,543
Abigail Stewart,1945-12-19,female,False,1,2000-02-28,78,544
Amy Matthews,1981-05-08,female,False,2,,43,545
Tara Austin,1972-04-07,male,True,1,1997-04-07,52,546
Shayak Webb,1994-01-31,male,False,0,,30,547
Jayne Sooksawang,1972-05-24,female,True,3,2005-01-08,52,548
Norman Barry,1939-03-16,non-binary,True,2,1998-06-07,85,549
Jonathan Suraprachit,1982-01-17,male,True,1,,42,550
Jeffrey Lowney,1979-03-18,male,False,0,,45,551
Antonio Pearce,1967-07-20,male,True,0,,56,552
Richard Todd,1997-07-08,male,False,0,,26,553
Oliver Gibbs,1984-01-15,non-binary,False,0,2000-04-21,40,554
Nikora Thompson,1984-03-10,male,True,3,,40,555
Sorawut Wilkinson,2012-08-13,female,False,0,,11,556
Catherine Parsons,1975-05-28,female,False,0,,49,557
Michael Tungkasethakul,1981-03-08,male,True,2,2014-06-16,43,558
Kevin Walker,1938-09-26,male,True,0,1996-09-05,85,559
Brandon McElnay,1990-07-27,male,False,1,2016-12-27,33,560
Jay Thantananont,1979-06-27,male,True,4,2003-05-03,44,561
Kevin Nolan,1980-02-13,male,True,1,,44,562
Chad Finlay,2020-12-19,male,False,0,,3,563
Eric Finnegan,1999-09-30,male,False,0,,24,564
Anvi Rowe,2011-01-17,male,False,0,,13,565
Frederick Crangle,1999-12-17,male,False,2,2017-08-17,24,566
Elizabeth Sarkar,1998-06-17,female,False,2,2021-11-18,26,567
Thomas Harris,1991-06-17,male,False,1,,33,568
Peter Humphries,1946-05-26,male,True,2,2020-04-07,78,569
Aodhan Matthews,1970-04-18,male,True,4,,54,570
Elisha Hensley,1970-09-29,female,True,4,,53,571
Courtney Kumar,1963-12-20,female,True,2,,60,572
Seamus Harvey,1994-07-24,male,True,0,,29,573
Kelly-Marie Taylor,2017-04-08,female,False,0,,7,574
Lagan Richey,1973-12-20,female,False,3,2001-02-15,50,575
Madhup Heneghan,1969-10-16,female,False,2,2022-03-17,54,576
Drishya Prachayaroch,2004-01-12,male,False,0,,20,577
Derek Gutierrez,1939-01-20,male,False,1,2019-12-12,85,578
Greg Hood,1969-11-01,male,False,0,2006-10-18,54,579
Pachongruk Wannapaitoonsri,1957-08-04,female,True,3,,66,580
Riya Sood,1957-04-14,female,True,5,,67,581
Jacqueline Stewart,1995-01-18,female,False,0,,29,582
Joe Rivera,2013-08-18,male,False,0,,10,583
Jennifer Everett,1984-02-17,female,False,2,2002-05-28,40,584
Scott Robinson,2010-10-21,male,False,0,,13,585
Rachel Sanders,1936-09-21,female,True,2,2009-08-30,87,586
Lindsay Rhatigan,1978-07-04,male,False,0,,45,587
Saira Srinivasan,1986-11-19,male,True,2,2014-07-18,37,588
Adrian Ayers,1950-04-18,male,True,0,,74,589
Frances Garcia,2015-01-21,female,False,0,,9,590
Jacob Hayes,2012-06-18,male,False,0,,12,591
Garrett Peterson,2005-04-22,male,False,1,2020-07-07,19,592
Trisha Doyle,1966-03-14,female,False,1,,58,593
Anya Willis,1974-05-02,female,True,1,2012-11-27,50,594
Tammy Chowitunkit,1988-08-25,female,True,3,,35,595
David Reyes,1940-10-09,male,False,2,,83,596
Nirvaan Stanley,2020-03-17,male,False,0,,4,597
Victoria Pedersen,2000-04-12,female,False,2,2019-02-26,24,598
Rasha Crehan,1973-08-31,female,False,0,,50,599
Chaiwut Anderson,1997-06-04,male,True,2,,27,600
Brendan Cribbons,1964-08-04,male,True,0,,59,601
Anthony Brooks,1932-07-27,male,True,2,,91,602
Suvakit Smith,1974-07-21,female,True,0,,49,603
Ahana  Huynh,1999-08-01,male,False,3,2014-11-26,24,604
David Norris,1994-10-01,male,False,1,,29,605
Wendy Sexton,1977-09-30,female,False,2,2022-06-09,46,606
Armaan Polpo,1989-09-18,non-binary,False,1,2008-01-29,34,607
Kate Pianduangsri,1996-06-04,female,True,2,2017-10-25,28,608
Abbie Baird,1951-07-10,female,False,1,,72,609
Mark Sampath,1998-05-14,male,False,0,2017-10-21,26,610
Mathew Higgins,1963-02-22,male,True,10,2011-09-26,61,611
David Godfrey,1942-03-07,male,True,4,2016-06-03,82,612
Pannawich Martinez,1927-02-07,female,True,1,1987-03-01,97,613
Ela Silva,2001-11-13,male,False,1,2021-06-04,22,614
Benjamin Choeychuen,1958-01-04,male,True,3,,66,615
Kylie Pongpanitch,2000-10-31,female,False,0,2015-11-23,23,616
Alan Moore,2001-07-26,male,False,0,2018-01-19,22,617
Ratchanon Sahni,2006-03-15,male,False,0,,18,618
Chayanin Murphy,1979-11-30,male,True,3,2017-09-13,44,619
Jessica Hernandez,1970-06-17,female,True,2,2011-03-13,54,620
Joseph Kamalanon,2018-01-08,male,False,0,,6,621
Mark Gregory,2017-03-12,male,False,0,,7,622
Eleanor Williams,1980-07-30,female,True,3,2006-12-03,43,623
Stacy Miller,2010-09-19,female,False,0,,13,624
Tristan Bunlerngsri,1948-07-20,male,False,2,2003-03-14,75,625
Madhup Methavorakul,1975-05-13,female,True,1,1997-11-05,49,626
Blake Jones,1925-09-22,male,False,5,1994-06-10,98,627
Heather Mcdonald,1966-06-05,female,True,3,2012-07-23,58,628
Marion Martin,1965-06-24,female,False,1,1997-04-11,58,629
Connor Chandran,1981-05-08,male,True,2,,43,630
Elizabeth Garcia,1997-07-09,female,True,1,2019-11-23,26,631
Jason Garcia,1959-04-04,male,True,3,2007-07-24,65,632
Paul Moore,1948-07-02,male,False,2,2007-01-18,75,633
Rachel Ruddy,1973-06-15,female,True,1,2002-12-24,51,634
Bryan Kennedy,1979-04-14,non-binary,True,1,,45,635
Patcharaporn Trikasemmart,1955-02-13,female,True,4,1970-02-13,69,636
Anne Kumsoontorn,2003-03-28,female,True,2,2022-09-14,21,637
Hrishita Holland,2010-04-25,female,False,0,,14,638
Courtney Hunter,1967-04-08,female,False,2,1984-06-29,57,639
Aunyaporn Sittisaowapak,1951-10-22,female,False,2,2010-10-06,72,640
Alex Tungkasethakul,1999-07-26,male,False,0,2019-11-17,24,641
Sherry Baker,1961-02-26,female,True,3,1987-06-20,63,642
Judith Ramesh,1981-08-09,female,True,1,2015-12-26,42,643
Cormac Turner,1991-03-20,male,True,0,,33,644
Roy Navarro,2011-04-17,male,False,0,,13,645
Christopher Sittisaowapak,1973-10-28,male,False,1,,50,646
Tammy Barad,1974-06-12,female,True,2,,50,647
Whitney Bell,1971-10-04,female,False,2,1993-09-24,52,648
Robin Neary,1960-12-31,female,True,2,,63,649
Devansh Thomas,2002-03-31,male,False,1,,22,650
Arisara Farnan,1943-07-30,female,True,5,,80,651
Gabriel Summers,1977-10-23,male,False,1,,46,652
Joshua Watson,1978-05-31,male,True,1,,46,653
Amber Obrien,1997-06-05,female,False,2,,27,654
Robert Wolfe,1971-07-22,male,True,2,2010-01-05,52,655
Veronica Santiago,1989-08-07,female,False,0,2008-04-22,34,656
Lesley Rama,2012-03-21,female,False,0,,12,657
Chalisa Foley,1992-01-26,male,False,0,,32,658
Wassaya Suraprachit,1955-02-03,female,True,0,1970-11-11,69,659
Emma Montoya,2016-02-16,female,False,0,,8,660
Christopher Hollins,1995-08-19,male,False,3,2021-01-05,28,661
Garry Dutt,1955-12-28,male,True,5,2006-11-05,68,662
Lynn Graves,2021-07-01,female,False,0,,2,663
Finbar Thomas,1955-03-25,male,False,1,1993-08-08,69,664
Anahita Smith,2011-10-26,male,False,0,,12,665
Christina Foley,1968-10-11,female,True,2,2008-12-15,55,666
Cormac Pope,1990-10-06,male,True,1,2013-07-01,33,667
Sarah-Jane Methavorakul,2007-06-14,female,False,0,,17,668
Saksham Sankar,1972-09-24,female,True,4,1998-04-11,51,669
Apisara Becker,1976-04-30,female,True,2,,48,670
Caoilfhionn Berry,1974-07-12,female,False,2,,49,671
Duane Fischer,1991-09-30,male,False,0,,32,672
Seth Young,1963-01-09,male,True,7,1998-07-05,61,673
Julie Lee,2012-08-07,female,False,0,,11,674
Eshani Stevens,1962-05-21,female,True,0,2016-10-04,62,675
Lagan Atkinson,1990-11-16,female,True,3,2010-06-11,33,676
Carol Vala,2022-12-04,female,False,0,,1,677
Roseanna Taylor,1998-07-12,non-binary,False,1,2019-01-05,25,678
Karen Tapp,1933-04-03,female,False,2,1985-05-22,91,679
Chayapat Herrera,1998-05-22,male,False,0,,26,680
Michael Shea,1999-05-08,male,False,2,2022-05-06,25,681
Kulnun Webb,2007-02-02,female,False,0,,17,682
Manikya Dougherty,2002-06-26,female,False,0,2019-04-15,21,683
Kristen Webb,2000-12-21,female,False,0,,23,684
Gordon Chaudhari,1970-10-16,male,False,4,1993-09-26,53,685
Heer Church,1991-06-23,male,False,2,2020-12-11,32,686
Stephanie Atkinson,1941-02-20,female,False,2,1989-09-10,83,687
Pattatomporn Tungkasethakul,2008-04-23,female,False,0,,16,688
Clare Combs,1978-09-11,female,True,1,2015-10-27,45,689
Samantha Gutierrez,1953-08-13,female,True,2,,70,690
Jennifer Bonilla,1991-01-08,female,True,3,2018-09-23,33,691
William Carter,1939-10-16,male,True,2,2013-08-08,84,692
Alexandra Crossan,1996-04-25,female,False,1,2013-07-31,28,693
John Serrano,2003-10-28,male,False,0,2022-07-31,20,694
Anya Hess,1957-02-09,male,False,0,,67,695
Rachel Moss,1995-05-24,female,True,3,2019-11-26,29,696
Stuvan Gates,1964-05-25,female,True,5,,60,697
Cynthia Mcdonald,1983-08-06,female,True,3,2007-11-09,40,698
Diana Ward,1979-03-24,female,True,0,,45,699
Mohammad Loke,1964-11-19,male,True,1,2000-10-20,59,700
Ricky Shah,1983-08-03,male,True,3,2009-01-21,40,701
Rhiannon Stone,2011-08-10,female,False,0,,12,702
Eilish Hawkins,1983-01-13,female,False,1,2015-10-17,41,703
Charles Green,1972-02-05,male,True,1,,52,704
Riaan Davies,1955-09-17,female,True,3,1988-05-03,68,705
Emily Goldrick,1995-01-01,female,False,0,,29,706
Gerald Prachayaroch,1969-10-26,male,False,3,2021-03-18,54,707
Ronald Swaminathan,1988-12-22,male,True,2,2011-04-29,35,708
Ava Roman,1968-12-21,female,False,0,,55,709
Amelia Pichpandecha,1986-11-11,female,True,1,2012-08-13,37,710
Advik Hubbard,2009-09-06,male,False,0,,14,711
Edward Sireelert,1973-01-14,male,True,1,,51,712
Sitiwat Wimolnot,1988-04-21,female,True,0,,36,713
Chaiwut Green,1959-04-18,female,False,1,,65,714
Owen Hughes,2020-01-14,male,False,0,,4,715
Chayapat Fletcher,1950-09-01,female,True,1,,73,716
Kodchaporn Neerachapong,1988-10-17,female,True,4,,35,717
Brittany Carleton,2002-04-25,female,False,1,,22,718
Jean Matthews,1983-02-22,female,True,2,,41,719
Vritika Gray,1988-11-01,male,True,1,2008-09-09,35,720
Shalv Gour,2011-10-12,male,False,0,,12,721
Harry Suraprasert,2004-02-21,male,False,0,,20,722
Stephanie Olsen,2009-01-28,female,False,0,,15,723
Carly Leech,2003-08-24,female,True,1,,20,724
Patricia Page,2008-05-30,female,False,0,2023-05-28,16,725
Keeva Scott,1975-06-28,female,False,1,,48,726
Robert Mendoza,1978-08-09,male,True,2,1996-04-04,45,727
Calvin Tracey,1984-02-02,male,False,3,2022-11-19,40,728
James Gibbs,1994-03-04,male,False,1,,30,729
Sitiwat Cunningham,1969-03-06,female,False,2,2023-06-01,55,730
Francesca Robbins,2003-07-29,female,False,1,2019-04-06,20,731
Michael Gallegos,1992-02-03,male,False,1,,32,732
Lynn Woodward,1981-09-21,female,False,0,,42,733
Timothy Walters,1952-06-13,male,False,1,1998-07-30,72,734
Jeffrey Collins,1956-05-24,male,True,0,1971-12-19,68,735
Lori Norramon,2015-02-19,female,False,0,,9,736
Brian Brown,1973-11-19,male,True,1,1996-01-17,50,737
Farhan Estrada,1967-01-30,female,True,3,1983-09-01,57,738
Akarsh Pena,1964-08-03,male,False,1,2021-12-14,59,739
Puntira Owens,1988-08-27,female,False,3,2014-03-16,35,740
Cynthia Sharaf,1995-10-02,female,False,2,2014-10-25,28,741
Troy Hosey,1953-02-24,male,True,4,1989-06-01,71,742
India Daly,1972-04-08,female,True,6,2002-11-29,52,743
Fateh Arnold,1940-12-29,female,True,1,1967-11-03,83,744
Samuel O'Reardon,1983-03-07,male,True,2,,41,745
Martin Ruiz,1996-01-03,male,False,1,2020-05-03,28,746
Jerry Butler,2006-05-17,male,False,0,2021-12-26,18,747
Kelly Kar,2017-08-10,female,False,0,,6,748
William Gonzalez,2005-04-20,male,False,0,2022-09-30,19,749
Caitlin Wasunun,2004-11-27,female,False,0,,19,750
Brooke Harrison,1988-08-27,female,True,3,,35,751
Christine Datta,1954-02-22,female,True,4,1973-09-14,70,752
Michael Bunlerngsri,1963-07-23,male,True,0,1983-03-05,60,753
Dhanuk Green,1987-03-18,male,False,1,2016-04-09,37,754
Chayapat O'Neill,1986-04-30,female,False,1,2004-10-02,38,755
Karen Goodman,1975-09-27,female,True,3,1993-08-27,48,756
Leon Green,2015-07-30,male,False,0,,8,757
Jasmine Vincent,1967-03-07,female,True,3,,57,758
Annette Mills,1983-02-16,female,True,1,2020-11-25,41,759
Dayna Flynn,1966-10-29,female,True,1,1988-09-18,57,760
Erika Gole,1964-11-19,female,False,3,,59,761
Brittany Valentine,1964-03-27,female,True,2,2014-07-31,60,762
Yada Cook,1985-03-21,male,True,4,2019-10-06,39,763
Sara Sanchez,1972-03-26,female,True,2,1993-08-10,52,764
Gemma Habpanom,1944-05-31,female,True,4,1999-05-28,80,765
Eleanor Watkins,1981-10-11,female,True,4,,42,766
Rebecca Miller,2015-01-02,female,False,0,,9,767
Joseph Divenney,1973-12-04,male,True,3,1994-02-07,50,768
Trevor Mendoza,2011-10-17,male,False,0,,12,769
Frederick Soto,1952-07-29,male,True,1,2023-06-10,71,770
Amy Sorattanachai,1995-11-21,female,False,0,,28,771
Martin Moloney,1998-07-26,male,True,4,2020-08-03,25,772
Pattatomporn Neal,2019-12-16,female,False,0,,4,773
Charles Castaneda,1983-06-12,male,True,3,2019-05-03,41,774
Jinjuta Maxwell,1940-03-16,female,True,1,,84,775
Mehul Stanton,2009-03-30,female,False,0,,15,776
Gregory Hamilton,2008-12-29,male,False,0,,15,777
Christina Pickering,1977-06-21,female,True,3,,46,778
Timothy Aggarwal,1949-10-21,male,False,1,2012-10-06,74,779
Gavin Johnson,1951-02-24,male,False,2,1989-03-14,73,780
Sandra Kurian,1974-03-15,female,False,2,,50,781
Puntira Wall,2023-09-17,female,False,0,,0,782
Francisco Tungkasethakul,1953-02-24,male,True,1,2009-05-21,71,783
Phenphitcha Matinawin,1950-11-05,male,False,3,2022-10-04,73,784
Antonio Obrien,1943-08-22,male,False,2,1984-08-11,80,785
Lauren Clarke,1929-06-10,female,True,1,,95,786
Jordan Murray,1942-11-08,female,True,3,,81,787
Prisha House,1952-06-18,female,True,3,2012-09-28,72,788
Nicola Morton,2009-05-15,female,False,0,,15,789
Austin Chaihirankarn,1994-05-24,male,False,0,,30,790
Ehsaan Lynch,2020-07-02,male,False,0,,3,791
Gavin Black,1966-05-24,male,True,2,2007-06-05,58,792
Yvonne Jones,2007-05-08,female,False,1,2023-02-05,17,793
Mary North,1932-05-01,female,True,3,1955-02-05,92,794
Ryan Jones,1949-08-16,male,True,3,2002-05-23,74,795
Alexander Prakalpawong,1960-07-10,male,False,1,,63,796
Melanie Harris,1986-02-04,female,True,2,2003-06-26,38,797
Lucas Ward,2004-10-28,male,False,0,,19,798
Lucy Tianvarich,1972-10-19,female,True,3,2013-08-14,51,799
Ishita King,1951-12-13,male,True,0,2009-04-21,72,800
Yuvaan Collins,2011-07-27,male,False,0,,12,801
Christina Garcia,2000-11-22,female,False,0,,23,802
Pornchanok Williamson,2013-12-22,female,False,0,,10,803
Amber Potts,1986-12-10,female,False,1,2015-06-27,37,804
Casey Ritchie,1957-09-23,female,True,2,2002-05-14,66,805
Karen Smith,1943-07-21,female,True,2,,80,806
Sahil Sibal,1950-12-14,male,True,3,1977-01-16,73,807
Daniel Wilson,1987-09-02,male,False,0,,36,808
Scott Riggs,1938-03-08,male,False,3,1998-09-02,86,809
Rosie Barnes,2022-04-16,female,False,0,,2,810
Rohan Hansen,1998-10-19,male,False,1,2020-11-14,25,811
Haley Graham,1944-02-24,female,True,4,1995-05-09,80,812
Joshua Setty,1952-06-01,male,True,3,1995-07-22,72,813
Callum Suresh,2006-04-11,male,False,0,,18,814
Patricia Moss,1967-11-08,female,True,4,1995-03-03,56,815
Jaruwan Rogers,1984-11-04,female,False,3,2013-08-27,39,816
Heather Walker,2003-03-28,female,False,0,2022-10-30,21,817
Darren O'Neill,1970-06-28,male,True,1,,53,818
Laura Vethayasas,1967-07-23,female,True,1,,56,819
Molly McFadden,1997-09-30,female,True,1,2016-04-01,26,820
Piya Bunlupong,1945-03-18,female,False,1,1986-12-20,79,821
Patcharaporn Harris,1999-09-11,female,True,0,,24,822
Dean Glover,1988-09-06,male,False,0,,35,823
Oliver Smith,2006-12-30,male,False,0,,17,824
Duncan Nallon,1962-12-23,male,False,0,2014-06-27,61,825
Steve Weiss,1946-01-10,male,True,4,,78,826
Roy Davis,1957-06-18,male,True,2,,67,827
Mishti Mills,1968-09-03,male,True,1,,55,828
Vanessa McFall,1987-04-30,female,False,2,2006-03-24,37,829
Jacob Jefferies,1989-04-10,male,False,3,,35,830
Joseph Phillips,1983-12-04,male,True,3,,40,831
Grace Hayden,1991-06-04,female,False,0,,33,832
Bethany Baker,1998-10-09,female,False,1,2019-09-16,25,833
Joshua Braun,2009-02-26,male,False,0,,15,834
Atit Kunda,2000-11-16,male,False,0,2017-02-14,23,835
Christina Hines,2020-02-03,female,False,0,,4,836
Robert Morrison,1956-09-26,male,False,5,1972-09-28,67,837
Jonathan Liddy,1986-05-19,male,False,0,,38,838
Jiya Wong,1963-10-13,female,True,3,1998-06-03,60,839
Sean Jones,2009-01-22,male,False,0,,15,840
Chirag Smith,1958-06-10,male,False,0,,66,841
Joshua Conley,1958-01-04,male,True,4,2013-03-28,66,842
Jerry Morales,1978-08-20,male,True,2,,45,843
Connor Sorattanachai,1964-07-20,male,True,1,2000-06-11,59,844
Michael Suraprasert,1998-07-31,male,True,1,2020-09-22,25,845
Joseph Sorattanachai,1962-08-25,male,True,2,1996-11-14,61,846
Karen Harris,1972-04-08,female,True,1,1992-10-05,52,847
Elaine Mcdaniel,1940-12-11,female,True,1,2006-12-21,83,848
Xavier Guerin,1985-06-14,male,False,1,2009-06-16,39,849
Jessica Richardson,1996-08-02,female,True,2,,27,850
Michelle Dunn,1984-07-30,female,True,3,2016-09-20,39,851
Corey Williams,2008-05-22,male,False,0,,16,852
John Decker,1984-12-24,non-binary,False,2,,39,853
Russell Davis,1958-03-09,male,False,2,1990-09-09,66,854
Pamela Burton,1941-06-05,female,True,8,1999-05-06,83,855
Samuel Vethayasas,2021-09-28,male,False,0,,2,856
Bailie Richards,1989-01-26,male,False,1,,35,857
John Kirby,1971-03-04,male,True,3,2013-05-11,53,858
Karen Eden,1973-05-21,female,False,1,1997-10-27,51,859
Ruth Gallegos,1997-02-23,female,False,0,,27,860
Reuben Anekvorakul,1979-01-14,male,True,3,,45,861
Scott Scott,1982-03-03,male,True,3,2019-04-15,42,862
Armaan Blackwell,1981-01-02,female,False,3,1996-05-03,43,863
Terri McQueen,1948-07-28,female,True,1,1976-02-04,75,864
Haley Oliver,1997-05-25,female,False,3,2015-07-25,27,865
Ben Raymond,1979-12-15,male,True,2,2003-06-19,44,866
Hunar Hunt,1950-10-11,male,False,2,,73,867
Chayapat Fisher,1956-11-16,female,False,2,,67,868
Navya Dogherty,2010-10-09,female,False,0,,13,869
Wayne Bates,1964-08-14,male,True,2,,59,870
Clodagh Morris,1975-03-04,female,True,1,,49,871
Kenneth Harahoe,1962-03-30,male,False,4,1987-05-23,62,872
Alana Dudley,1969-01-26,female,False,0,,55,873
Jacob Pope,1947-08-16,male,True,2,,76,874
Sandra Johnson,1989-08-23,female,False,2,,34,875
Tiffany Stewart,1982-07-01,female,True,2,,41,876
Joseph Dean,1997-08-12,male,True,4,,26,877
David Sem,1961-02-17,male,True,5,,63,878
Aarav McLoughlin,1989-04-04,male,True,2,,35,879
Dishani Fitzgerald,2017-12-13,male,False,0,,6,880
Mitchell Begum,2010-11-14,male,False,0,,13,881
Baiju Phillips,1951-09-19,male,False,0,,72,882
Samantha Chaihirankarn,2020-04-28,female,False,0,,4,883
Melanie Donovan,1994-05-26,female,False,1,2015-01-04,30,884
Jay Pianduangsri,1958-08-05,male,True,1,1984-06-20,65,885
Bryan Flowers,1962-07-06,male,False,1,,61,886
Nicholas Polpo,2014-02-18,male,False,0,,10,887
Judy Morrison,1974-05-28,female,True,0,2022-11-25,50,888
Siya Devan,1971-12-31,male,False,1,1994-01-11,52,889
Donna Freeman,1948-02-05,female,True,2,2007-08-12,76,890
Christine Wadhwa,1982-05-19,female,False,1,,42,891
Jinjuta Methavorakul,1983-04-25,male,False,2,,41,892
Charles Berry,1987-06-21,male,False,0,,36,893
Kyle Webb,1996-10-16,male,False,1,,27,894
Bhavin Sankaran,1986-01-22,female,False,1,,38,895
Victor Foster,1939-07-26,male,False,1,,84,896
Kathleen North,1958-09-28,female,False,2,2007-12-30,65,897
Clarissa Clark,1987-12-19,female,True,1,,36,898
Beverley Howard,1997-10-09,female,False,0,2017-11-23,26,899
Theresa Vincent,1960-08-15,female,False,1,,63,900
Anthony Cox,2003-05-06,male,False,0,,21,901
Frank Lees,1994-05-09,male,True,2,2017-07-01,30,902
Abbi Neerachapong,1980-01-18,female,True,2,1998-05-05,44,903
Lisa Hess,1961-02-07,female,False,3,1990-01-19,63,904
Larry Bhatnagar,1967-07-09,male,False,2,1989-01-23,56,905
Atit Khosla,1980-07-04,female,False,2,1998-09-24,43,906
Dillon Smith,1954-01-02,male,False,2,2008-09-18,70,907
Kimberly Clark,2012-01-15,female,False,0,,12,908
Darren Allen,1973-12-25,male,False,1,,50,909
Julia Flood,1959-01-30,female,False,2,1981-03-12,65,910
Miguel Luna,1981-01-26,male,True,3,1998-08-16,43,911
Stephanie Goel,1965-07-15,female,True,2,,58,912
Shamik Long,1939-01-29,female,True,2,,85,913
Parin Sireelert,1989-02-16,male,False,0,,35,914
Katherine Reynolds,1980-12-24,female,False,0,,43,915
Joshua Brown,1988-12-22,male,True,4,,35,916
Olivia Wagner,1961-07-11,female,False,1,2010-01-16,62,917
Jesse Freeman,1966-08-01,male,True,0,,57,918
Matthew Ray,1979-02-05,male,True,1,2017-08-16,45,919
Megan Meldon,1954-06-20,female,False,1,2008-07-23,70,920
Dennis Bauer,2016-09-23,male,False,0,,7,921
Maria Dorrian,1971-05-15,female,False,2,,53,922
Craig Grahams,1977-08-26,male,True,4,2001-10-16,46,923
Pada Hernandez,1981-03-10,male,False,1,2005-05-24,43,924
John Ramirez,1991-05-20,male,True,2,2011-10-28,33,925
Nitara Hicks,1976-07-13,male,True,0,,47,926
Christopher McKeniry,1979-03-21,male,True,5,2022-05-28,45,927
Angela Keenan,2016-11-13,female,False,0,,7,928
Kara Thantananont,1955-02-13,female,True,0,,69,929
Daniel Barnes,1987-05-01,male,False,2,,37,930
Jessica Mason,1962-09-01,female,True,0,,61,931
Pattatomporn Gutierrez,1970-07-13,male,True,5,1991-11-14,53,932
Nancy Rhodes,1987-06-17,female,False,0,,37,933
Kirstie Daniel,2010-09-26,female,False,0,,13,934
Chaiwut Gade,1962-11-27,female,True,1,2001-01-17,61,935
Cathal Prakalpawong,1985-11-13,male,False,2,2016-08-26,38,936
Olivia Bishop,2006-08-04,female,False,0,,17,937
Daniel Wannapaitoonsri,2009-07-21,male,False,0,,14,938
Cameron Cooper,1946-01-28,male,False,1,1978-06-21,78,939
Nishith Roberts,2011-06-02,female,False,0,,13,940
Jeffrey Suraprachit,1968-04-29,male,True,2,2007-02-25,56,941
Cameron Dunleavy,2002-06-02,male,True,2,2019-06-04,22,942
Diana Miller,1961-07-17,female,True,1,1998-03-23,62,943
Pattapon Robertson,2002-08-07,female,False,1,,21,944
Kelli Sims,1998-07-05,female,False,0,,25,945
Timothy Ferguson,1990-11-25,male,True,3,,33,946
Prisha Ellis,1977-01-13,female,False,1,2003-08-09,47,947
Dana Crehan,1997-06-25,female,False,1,2014-02-02,26,948
Sandra Williams,2008-09-06,female,False,0,,15,949
Wassaya Wilkins,2000-02-08,female,False,0,,24,950
Erika McAlunny,1985-01-26,female,False,3,2018-12-26,39,951
Neysa Scott,1980-10-31,male,False,2,2006-12-11,43,952
Rhea Malone,1964-05-27,female,True,3,,60,953
Taimur Bowen,1993-05-13,male,False,2,2021-01-08,31,954
Daniel Jones,1985-09-13,male,False,1,2003-12-22,38,955
Luke Harris,1936-11-02,male,True,0,,87,956
Richard Ferguson,1970-02-21,male,True,5,2001-04-20,54,957
Miriam Wannapaitoonsri,1985-12-18,female,False,0,,38,958
Ayesha Devan,1986-12-15,male,True,3,,37,959
Geoffrey Smith,1999-04-02,male,True,3,,25,960
Becky Clarke,1973-06-29,female,False,1,,50,961
James Garcia,2018-12-11,male,False,0,,5,962
Elizabeth Jackson,1974-05-15,female,False,2,2011-08-16,50,963
Jonathan Smith,1988-08-30,male,True,2,2009-01-28,35,964
Sherry Jordan,2000-06-23,female,False,0,,23,965
Karen Fleming,1991-09-17,female,False,1,,32,966
Peggy Jones,2000-05-16,female,False,0,2015-12-18,24,967
William Walker,1980-10-20,male,True,3,1997-07-21,43,968
Martin Dixon,1981-10-11,male,False,1,,42,969
Vaibhav Saini,1999-01-17,male,False,0,,25,970
Donald Reilly,1976-02-06,male,True,2,2023-04-09,48,971
Megan Prakalpawong,2018-08-22,female,False,0,,5,972
Judith Summers,1990-04-04,female,False,4,,34,973
Sara Sanchez,1940-02-18,female,True,3,,84,974
James Glenn,1988-11-24,male,True,1,,35,975
Michael Reeves,2016-06-25,male,False,0,,7,976
Darin Berg,1968-01-28,female,True,5,2011-02-14,56,977
Wassaya Garrett,2015-05-02,female,False,0,,9,978
Yasmine Hartley,1955-12-16,female,True,1,1991-05-06,68,979
Jaruwan Turongkinanon,1988-02-05,male,True,3,2005-02-14,36,980
Paul Brandt,1931-11-24,male,False,1,2008-05-23,92,981
Elakshi Khare,1997-01-18,male,False,3,,27,982
Angela Moore,1982-10-31,female,True,2,,41,983
Edward McMillan,1985-03-18,male,False,1,,39,984
Zoe Anderson,1971-12-28,female,True,1,1989-10-25,52,985
Jimmy Cloney,1979-09-15,male,True,4,2001-11-28,44,986
Jacob Vethayasas,2018-02-18,male,False,0,,6,987
Tanya Whitehead,1985-09-23,female,True,0,,38,988
William Gray,1985-05-20,male,False,1,2020-05-15,39,989
Alanna Neerachapong,2005-06-09,female,False,0,,19,990
Jenna Rodriguez,1977-11-06,female,False,0,,46,991
Dervla Savant,1952-04-16,female,True,4,,72,992
Matthew Taylor,1947-11-09,male,False,0,,76,993
Nutwadee Prentice,2017-02-18,male,False,0,,7,994
Bethan Polpo,1992-06-21,female,False,0,2007-10-27,31,995
Lakshay Paul,1957-12-19,male,True,2,,66,996
Joel Cox,1972-10-27,male,True,2,2011-04-23,51,997
Gerald Dubey,1967-05-18,male,True,1,,57,998
Timothy Hardin,2010-02-24,male,False,0,,14,999
Brian Sittisaowapak,1984-06-21,male,True,2,2022-10-01,39,1000
